build_id,inova_session_id,notes
1,79cf0fe8-937e-4fb0-8d99-424ec337dbc5,auto: Δstart=0s overlap=186min job='Hex Coasters 2026_05_31' completed
2,79cf0fe8-937e-4fb0-8d99-424ec337dbc5,auto: Δstart=10312s overlap=30min job='Hex Coasters 2026_05_31' completed
3,79cf0fe8-937e-4fb0-8d99-424ec337dbc5,auto: Δstart=10321s overlap=30min job='Hex Coasters 2026_05_31' completed
4,79cf0fe8-937e-4fb0-8d99-424ec337dbc5,auto: Δstart=10351s overlap=33min job='Hex Coasters 2026_05_31' completed
5,79cf0fe8-937e-4fb0-8d99-424ec337dbc5,auto: Δstart=10536s overlap=43min job='Hex Coasters 2026_05_31' completed
6,79cf0fe8-937e-4fb0-8d99-424ec337dbc5,auto: Δstart=11353s overlap=39min job='Hex Coasters 2026_05_31' completed
7,79cf0fe8-937e-4fb0-8d99-424ec337dbc5,auto: Δstart=11951s overlap=30min job='Hex Coasters 2026_05_31' completed
8,79cf0fe8-937e-4fb0-8d99-424ec337dbc5,auto: Δstart=11955s overlap=44min job='Hex Coasters 2026_05_31' completed
9,79cf0fe8-937e-4fb0-8d99-424ec337dbc5,auto: Δstart=12823s overlap=30min job='Hex Coasters 2026_05_31' completed
10,79cf0fe8-937e-4fb0-8d99-424ec337dbc5,auto: Δstart=12828s overlap=46min job='Hex Coasters 2026_05_31' completed
11,79cf0fe8-937e-4fb0-8d99-424ec337dbc5,auto: Δstart=13824s overlap=69min job='Hex Coasters 2026_05_31' completed
12,79cf0fe8-937e-4fb0-8d99-424ec337dbc5,auto: Δstart=16179s overlap=351min job='Hex Coasters 2026_05_31' completed
13,bdcb6a94-d690-4181-9bb5-542d935729ba,auto: Δstart=584s overlap=48min job='D790 and D638 and Benchy 2026_06_02' completed
14,bdcb6a94-d690-4181-9bb5-542d935729ba,auto: Δstart=1972s overlap=30min job='D790 and D638 and Benchy 2026_06_02' completed
15,bdcb6a94-d690-4181-9bb5-542d935729ba,auto: Δstart=1974s overlap=30min job='D790 and D638 and Benchy 2026_06_02' completed
16,bdcb6a94-d690-4181-9bb5-542d935729ba,auto: Δstart=1977s overlap=30min job='D790 and D638 and Benchy 2026_06_02' completed
17,bdcb6a94-d690-4181-9bb5-542d935729ba,auto: Δstart=1982s overlap=30min job='D790 and D638 and Benchy 2026_06_02' completed
18,bdcb6a94-d690-4181-9bb5-542d935729ba,auto: Δstart=1985s overlap=30min job='D790 and D638 and Benchy 2026_06_02' completed
19,bdcb6a94-d690-4181-9bb5-542d935729ba,auto: Δstart=1988s overlap=30min job='D790 and D638 and Benchy 2026_06_02' completed
20,bdcb6a94-d690-4181-9bb5-542d935729ba,auto: Δstart=1990s overlap=30min job='D790 and D638 and Benchy 2026_06_02' completed
21,bdcb6a94-d690-4181-9bb5-542d935729ba,auto: Δstart=1992s overlap=30min job='D790 and D638 and Benchy 2026_06_02' completed
22,bdcb6a94-d690-4181-9bb5-542d935729ba,auto: Δstart=1994s overlap=30min job='D790 and D638 and Benchy 2026_06_02' completed
23,bdcb6a94-d690-4181-9bb5-542d935729ba,auto: Δstart=1997s overlap=30min job='D790 and D638 and Benchy 2026_06_02' completed
24,bdcb6a94-d690-4181-9bb5-542d935729ba,auto: Δstart=2000s overlap=30min job='D790 and D638 and Benchy 2026_06_02' completed
25,bdcb6a94-d690-4181-9bb5-542d935729ba,auto: Δstart=2003s overlap=30min job='D790 and D638 and Benchy 2026_06_02' completed
26,bdcb6a94-d690-4181-9bb5-542d935729ba,auto: Δstart=2007s overlap=609min job='D790 and D638 and Benchy 2026_06_02' completed
27,1b603294-1429-40df-a4e7-e1ea845f0c62,auto: Δstart=102s overlap=713min job='Coasters and DragonBurner Cowl 2026_06_06' completed
28,43913251-2e06-48d5-a038-e07a6a99af21,auto: Δstart=0s overlap=568min job='D790 and D638 2026_06_07' completed
29,1773efe0-965f-4ab8-80db-d314eb0659c4,auto: Δstart=1499s overlap=506min job='D790 and D638 and Cards 2026_06_09' completed
30,bda45a6d-7a40-4ed5-a8de-acfdc33c3293,auto: Δstart=1556s overlap=533min job='D790 and D638 Recycled Powder 2026_06_24' completed
31,387b80d6-0256-4b94-9c54-7a37bb01ff59,auto: Δstart=11559s overlap=299min job='D790 and D638 Recycled Powder 2026_06_25' completed
32,f21cb2ea-c406-4662-b142-9abcff73c6ba,auto: Δstart=13950s overlap=48min job='Hex Coasters and Nameplates and Benchies 2026_06_27' cancelled
33,77352496-12a7-479f-ad33-c9a65558f92c,reviewed: exact start/end match to session interval
34,8a86eac0-9032-414a-a211-c2aceb7d08eb,reviewed: Δstart=0s overlap=30min job='Hex Coasters and Nameplates and Benchies 2026_06_27' cancelled AMBIGUOUS(+1: 77352496)
35,85053af7-dee6-41b8-9768-d9a26695f7e1,auto: Δstart=0s overlap=720min job='D790 and D638 and other objects 2026_06_27' completed
36,13492c56-8d6e-4d6b-aa45-ae155d04bdf9,auto: Δstart=0s overlap=1226min job='Hex Coasters and Nameplates and Benchies 2026_06_28' completed
37,a57818ef-256f-48ea-9ef1-f245f8878caa,reviewed: exact start/end match to session interval
38,eb01760d-00d1-4fa3-8a89-4d3c532d6db7,"reviewed: Δstart=0s overlap=13min job='D790 and D638 Debug Run 2026_06_29' cancelled AMBIGUOUS(+2: 74afcb28, a57818ef)"
39,74afcb28-891d-480d-998b-9b71f5585970,reviewed: Δstart=0s overlap=598min job='D790 and D638 and Nameplate 2026_06_29' completed AMBIGUOUS(+1: eb01760d)
40,83b8b77d-124d-4ad4-9853-9bc2b7b22c73,auto: Δstart=233s overlap=1min job='D790 and D638 and D256 and Benchy 2026_07_01' incomplete
41,2e137841-2757-4708-a6f8-70e950ddb4eb,auto: Δstart=169s overlap=243min job='Nameplates 2026_07_09' completed
42,2e137841-2757-4708-a6f8-70e950ddb4eb,auto: Δstart=14149s overlap=354min job='Nameplates 2026_07_09' completed
43,a823ed90-e27a-4029-83b5-f4688b1d0b37,auto: Δstart=0s overlap=629min job='D790 and D638 and Nameplate 2026_07_10' completed
44,20242dc3-221d-4cac-8c3c-976dec8a28eb,reviewed: Δstart=0s overlap=1min job='D790 and D638 and Other 2026_07_11' incomplete
45,94291c71-23d1-4883-b2a8-fa854c5fd293,reviewed: Δstart=0s overlap=160min job='D638 and Bucky 2026_07_12' completed
46,94291c71-23d1-4883-b2a8-fa854c5fd293,reviewed: Δstart=8738s overlap=451min job='D638 and Bucky 2026_07_12' completed
